{
  "core": [
    {
      "name": "Red",
      "hex": "#EE204D"
    },
    {
      "name": "Orange",
      "hex": "#FF7538"
    },
    {
      "name": "Yellow",
      "hex": "#FCE883"
    },
    {
      "name": "Green",
      "hex": "#1CAC78"
    },
    {
      "name": "Blue",
      "hex": "#1F75FE"
    },
    {
      "name": "Purple",
      "hex": "#926EAE"
    },
    {
      "name": "Pink",
      "hex": "#FFCFAB"
    },
    {
      "name": "Brown",
      "hex": "#B4674D"
    },
    {
      "name": "Black",
      "hex": "#000000"
    },
    {
      "name": "Gray",
      "hex": "#95918C"
    },
    {
      "name": "White",
      "hex": "#FFFFFF"
    }
  ],
  "skin": [
    {
      "name": "Light 1",
      "hex": "#F3D3B3"
    },
    {
      "name": "Light 2",
      "hex": "#E6C19A"
    },
    {
      "name": "Medium 1",
      "hex": "#C58C85"
    },
    {
      "name": "Medium 2",
      "hex": "#AD6D56"
    },
    {
      "name": "Deep 1",
      "hex": "#7A4B3A"
    },
    {
      "name": "Deep 2",
      "hex": "#5A3C2E"
    },
    {
      "name": "Deep 3",
      "hex": "#3D2B23"
    },
    {
      "name": "Deep 4",
      "hex": "#2A1F19"
    }
  ]
}